{"cameraMode":{"drawMode":0,"name":"Shaded","section":"Shading Mode"},"sceneLighting":true,"audioPlay":false,"sceneViewState":{"showFog":true,"showMaterialUpdate":false,"showSkybox":true,"showFlares":true,"showImageEffects":true,"showParticleSystems":true},"in2DMode":false,"pivot":{"x":-61.723289489746097,"y":127.01168823242188,"z":-10.813021659851075},"rotation":{"x":-0.3978826403617859,"y":-0.5822563171386719,"z":0.3922441005706787,"w":-0.5906775593757629},"size":22.0,"orthographic":false}